[
  {
    "id": 1,
    "titulo": "Camiseta clásica de hombre",
    "precio": 12,
    "descripcion": "Camisa de tela algodon",
    "imagen": "assets/img/cam1.png",
    "categoria": "Hombre",
    "subcategoria": "Camisas"
  },
  {
    "id": 2,
    "titulo": "Camiseta clásica de hombre",
    "precio": 10,
    "descripcion": "Camisa de tela algodon",
    "imagen": "assets/img/cam2.png",
    "categoria": "Hombre",
    "subcategoria": "Camisas"
  },
  {
    "id": 3,
    "titulo": "Camiseta clásica de hombre",
    "precio": 10,
    "descripcion": "Camisa de tela algodon",
    "imagen": "assets/img/cam3.png",
    "categoria": "Hombre",
    "subcategoria": "Camisas"

  },
  {
    "id": 4,
    "titulo": "Camiseta clásica de hombre",
    "precio": 10,
    "descripcion": "Camisa de tela algodon",
    "imagen": "assets/img/cam4.png",
    "categoria": "Hombre",
    "subcategoria": "Camisas"
  },
  {
    "id": 5,
    "titulo": "Camiseta clásica de hombre",
    "precio": 10,
    "descripcion": "Camisa de tela algodon",
    "imagen": "assets/img/cam5.png",
    "categoria": "Hombre",
    "subcategoria": "Camisas"
  },
  {
    "id": 6,
    "titulo": "Camiseta manga larga de hombre",
    "precio": 15,
    "descripcion": "Camisa de hombre en tono burdeos con diseño clásico y logo Heredero. Ideal para clima fresco.",
    "imagen": "assets/img/abrigo1.png",
    "categoria": "Hombre",
    "subcategoria": "Camisas"
  },
  {
    "id": 7,
    "titulo": "Body de tirantes sencillas",
    "precio": 10,
    "descripcion": "Blusa ligera y versátil, disponible en varios colores. Perfecta para uso diario o casual.",
    "imagen": "assets/img/body1.png",
    "categoria": "Mujer",
    "subcategoria": "Bodys" 
  },
  {
    "id": 8,
    "titulo": "Body de cuello redondo",
    "precio": 10,
    "descripcion": "Blusa ligera y versátil, disponible en varios colores. Perfecta para uso diario o casual.",
    "imagen": "assets/img/body2.png",
    "categoria": "Mujer",
    "subcategoria": "Bodys"
  },
  {
    "id": 9,
    "titulo": "Body mangas largas ajustadas",
    "precio": 10,
    "descripcion": "Body ajustado con manga larga, ideal para combinar con jeans o faldas. Disponible en varios tonos.",
    "imagen": "assets/img/body3.png",
    "categoria": "Mujer",
    "subcategoria": "Bodys"
  },
  {
    "id": 10,
    "titulo": "Body asimétrico un solo hombro",
    "precio": 12,
    "descripcion": "Body asimétrico elegante, disponible en negro, blanco y gris. Estilo moderno para ocasiones especiales.",
    "imagen": "assets/img/body4.png",
    "categoria": "Mujer",
    "subcategoria": "Bodys"
  },
  {
    "id": 11,
    "titulo": "Buzo con capucha burdeo",
    "precio": 25,
    "descripcion": "Buzo cómodo en tono burdeos, ideal para días frescos. Corte clásico y suave al tacto.",
    "imagen": "assets/img/abrigo2.png",
    "categoria": "Hombre",
    "subcategoria": "Buzos"
  },
  {
    "id": 12,
    "titulo": "Buzo con capucha negro",
    "precio": 25,
    "descripcion": "Buzo negro con estilo urbano, perfecto para looks casuales y modernos.",
    "imagen": "assets/img/abrigo3.png",
    "categoria": "Hombre",
    "subcategoria": "Buzos"
  },
  {
    "id": 13,
    "titulo": "Buzo con capucha azul oscuro",
    "precio": 25,
    "descripcion": "Buzo en azul marino con acabado limpio. Ideal para combinar con cualquier outfit.",
    "imagen": "assets/img/abrigo4.png",
    "categoria": "Hombre",
    "subcategoria": "Buzos"
  },
  {
    "id": 14,
    "titulo": "Buzo con capucha verde",
    "precio": 25,
    "descripcion": "Buzo verde militar con estilo relajado. Perfecto para exteriores o uso diario.",
    "imagen": "assets/img/abrigo5.png",
    "categoria": "Hombre",
    "subcategoria": "Buzos"
  },
  {
    "id": 15,
    "titulo": "Buzo con capucha gris",
    "precio": 22,
    "descripcion": "Buzo gris claro, suave y adaptable a cualquier estilo. Ideal para entretiempo.",
    "imagen": "assets/img/abrigo6.png",
    "categoria": "Hombre",
    "subcategoria": "Buzos"
  },
  {
    "id": 16,
    "titulo": "Polo texturado bolsillo frontal",
    "precio": 15,
    "descripcion": "Polo marrón claro con textura y bolsillo frontal. Estilo casual con detalles únicos.",
    "imagen": "assets/img/cam6.png",
    "categoria": "Hombre",
    "subcategoria": "Camisas"
  },
  {
    "id": 17,
    "titulo": "Camisa bordada blanca ",
    "precio": 17,
    "descripcion": "Camisa blanca con bordado vertical. Elegante y fresca, ideal para eventos o uso diario.",
    "imagen": "assets/img/cam7.png",
    "categoria": "Hombre",
    "subcategoria": "Camisas"
  },
  {
    "id": 18,
    "titulo": "Camisa negra texturada botones",
    "precio": 16,
    "descripcion": "Camisa negra con textura sutil y botones frontales. Estilo sobrio y moderno.",
    "imagen": "assets/img/cam8.png",
    "categoria": "Hombre",
    "subcategoria": "Camisas"
  },
  {
    "id": 19,
    "titulo": "Gorros tejidos para invierno",
    "precio": 8,
    "descripcion": "Gorro tejido en tonos cálidos. Ideal para días fríos y looks urbanos. En color naranja y negro",
    "imagen": "assets/img/gorro1.png",
    "categoria": "Accesorios",
    "subcategoria": "Gorros"
  },
  {
    "id": 20,
    "titulo": "Sombrero bucket negro",
    "precio": 7,
    "descripcion": "Sombrero tipo bucket con acabado brillante. Estilo atrevido para climas soleados o lluviosos.",
    "imagen": "assets/img/gorro2.png",
    "categoria": "Accesorios",
    "subcategoria": "Gorros"
  },
    {
    "id": 21,
    "titulo": "Sombreto bucket corduroy tostado",
    "precio": 7,
    "descripcion": "Sombrero tipo bucket en pana color tostado, con textura suave y costuras visibles. Ideal para looks casuales con estilo.",
    "imagen": "assets/img/gorro3.png",
    "categoria": "Accesorios",
    "subcategoria": "Gorros"
  },
    {
    "id": 22,
    "titulo": "Gorra beige bordada palmeras",
    "precio": 7,
    "descripcion": "Gorra beige con diseño de tres palmeras bordadas al frente. Fresca, playera y perfecta para días soleados.",
    "imagen": "assets/img/gorro4.png",
    "categoria": "Accesorios",
    "subcategoria": "Gorros"
  },
    {
    "id": 23,
    "titulo": "Sombrero bucket corazon",
    "precio": 7,
    "descripcion": "Bucket negro y blanco con bordado minimalista de corazón y flecha. Estilo urbano y versátil. Ideales para parejas.",
    "imagen": "assets/img/gorro5.png",
    "categoria": "Accesorios",
    "subcategoria": "Gorros"
  },
    {
    "id": 24,
    "titulo": "Lentes frame estilo clásico",
    "precio": 5,
    "descripcion": "Lentes con marco dorado y diseño clásico. Elegancia atemporal para cualquier ocasión.",
    "imagen": "assets/img/gafas1.png",
    "categoria": "Accesorios",
    "subcategoria": "Gafas"
  },
      {
    "id": 25,
    "titulo": "Lentes wayfarer negros",
    "precio": 5,
    "descripcion": "Lentes estilo wayfarer en negro. Corte clásico, ideal para combinar con cualquier outfit.",
    "imagen": "assets/img/gafas2.png",
    "categoria": "Accesorios",
    "subcategoria": "Gafas"
  },
  {
    "id": 26,
    "titulo": "Camiseta raglan manga larga gris",
    "precio": 8,
    "descripcion": "Camiseta tipo raglan con cuerpo gris jaspeado y mangas gris oscuro. Cómoda, casual y perfecta para días frescos.",
    "imagen": "assets/img/cam9.png",
    "categoria": "Hombres",
    "subcategoria": "Camisas"
  },
  {
    "id": 27,
    "titulo": "Top sin mangas acanalado rosa",
    "precio": 8,
    "descripcion": "Top ajustado sin mangas en tono rosa empolvado. Textura acanalada, ideal para looks relajados o urbanos.",
    "imagen": "assets/img/blusa1.png",
    "categoria": "Mujeres",
    "subcategoria": "Blusas"
  },
  {
    "id": 28,
    "titulo": "Top halter blanco cruzado",
    "precio": 8,
    "descripcion": "Top halter blanco con tiras cruzadas. Estilo moderno y femenino, perfecto para climas cálidos.",
    "imagen": "assets/img/blusa2.png",
    "categoria": "Mujeres",
    "subcategoria": "Blusas"
  },
  {
    "id": 29,
    "titulo": "Camiseta básica pack x3",
    "precio": 12,
    "descripcion": "Pack de tres camisetas básicas en colores neutros. Corte clásico, suave al tacto y fácil de combinar.",
    "imagen": "assets/img/blusa3.png",
    "categoria": "Mujeres",
    "subcategoria": "Blusas"
  },
  {
    "id": 30,
    "titulo": "Top tirantes finos ",
    "precio": 8,
    "descripcion": "Camiseta de tirantes finos en blanco y negro. Estilo minimalista, ideal para layering o uso diario.",
    "imagen": "assets/img/blusa4.png",
    "categoria": "Mujeres",
    "subcategoria": "Blusas"
  },
{
    "id": 31,
    "titulo": "Crop Top espalda descubierta",
    "precio": 8,
    "descripcion": "Top corto de manga corta con cuello redondo. Disponible en blanco y negro. Ideal para looks casuales y frescos.",
    "imagen": "assets/img/blusa5.png",
    "categoria": "Mujeres",
    "subcategoria": "Blusas"
  },
  {
    "id": 32,
    "titulo": "Body sin mangas tonos pasteles",
    "precio": 12,
    "descripcion": "Body ajustado sin mangas en tonos lavanda, rosa y blanco. Corte limpio y femenino, perfecto para climas cálidos.",
    "imagen": "assets/img/body5.png",
    "categoria": "Mujer",
    "subcategoria": "Bodys"
  }
]
